{"cameraMode":{"drawMode":0,"name":"Shaded","section":"Shading Mode"},"sceneLighting":true,"audioPlay":false,"sceneViewState":{"showFog":true,"showMaterialUpdate":false,"showSkybox":true,"showFlares":true,"showImageEffects":true,"showParticleSystems":true},"in2DMode":false,"pivot":{"x":-12.844744682312012,"y":1.5069340467453004,"z":22.0625},"rotation":{"x":0.14058227837085725,"y":-0.6751532554626465,"z":0.13334934413433076,"w":0.7117743492126465},"size":16.85247039794922,"orthographic":true}