{"cameraMode":{"drawMode":0,"name":"Shaded","section":"Shading Mode"},"sceneLighting":false,"audioPlay":false,"sceneViewState":{"showFog":true,"showMaterialUpdate":false,"showSkybox":true,"showFlares":true,"showImageEffects":true,"showParticleSystems":true},"in2DMode":false,"pivot":{"x":-3.630000114440918,"y":1.462890625,"z":0.41796875},"rotation":{"x":0.3478736877441406,"y":-0.3103824555873871,"z":0.12325147539377213,"w":0.8760455250740051},"size":2.8578836917877199,"orthographic":true}